{
  "analysis_date": "2026-03-13",
  "total_picks": 327,
  "n_excluded": 0,
  "baseline_hit_rate": 0.8501529051987767,
  "prop_counts": {
    "PTS": 112,
    "REB": 66,
    "AST": 86,
    "3PM": 63
  },
  "layer1_overall": {
    "0-3": {
      "hit_rate": 0.8507462686567164,
      "n": 67,
      "vs_baseline": 0.0005933634579396996
    },
    "4-6": {
      "hit_rate": 0.8602150537634409,
      "n": 93,
      "vs_baseline": 0.010062148564664142
    },
    "7-9": {
      "hit_rate": 0.8469387755102041,
      "n": 98,
      "vs_baseline": -0.003214129688572598
    },
    "10-13": {
      "hit_rate": 0.8222222222222222,
      "n": 45,
      "vs_baseline": -0.027930682976554544
    },
    "14+": {
      "hit_rate": 0.875,
      "n": 24,
      "vs_baseline": 0.02484709480122327
    }
  },
  "layer2_by_prop": {
    "PTS": {
      "0-3": {
        "hit_rate": 0.88,
        "n": 25
      },
      "4-6": {
        "hit_rate": 0.8333333333333334,
        "n": 30
      },
      "7-9": {
        "hit_rate": 0.8484848484848485,
        "n": 33
      },
      "10-13": {
        "hit_rate": 0.8666666666666667,
        "n": 15
      },
      "14+": {
        "hit_rate": null,
        "n": 9
      }
    },
    "REB": {
      "0-3": {
        "hit_rate": 0.75,
        "n": 12
      },
      "4-6": {
        "hit_rate": 0.8636363636363636,
        "n": 22
      },
      "7-9": {
        "hit_rate": 0.9,
        "n": 20
      },
      "10-13": {
        "hit_rate": 0.7,
        "n": 10
      },
      "14+": {
        "hit_rate": null,
        "n": 2
      }
    },
    "AST": {
      "0-3": {
        "hit_rate": 0.8823529411764706,
        "n": 17
      },
      "4-6": {
        "hit_rate": 0.8461538461538461,
        "n": 26
      },
      "7-9": {
        "hit_rate": 0.8,
        "n": 25
      },
      "10-13": {
        "hit_rate": 0.9090909090909091,
        "n": 11
      },
      "14+": {
        "hit_rate": null,
        "n": 7
      }
    },
    "3PM": {
      "0-3": {
        "hit_rate": 0.8461538461538461,
        "n": 13
      },
      "4-6": {
        "hit_rate": 0.9333333333333333,
        "n": 15
      },
      "7-9": {
        "hit_rate": 0.85,
        "n": 20
      },
      "10-13": {
        "hit_rate": null,
        "n": 9
      },
      "14+": {
        "hit_rate": null,
        "n": 6
      }
    }
  },
  "layer3_threshold": {
    "current_split": {
      "threshold": 6.0,
      "hr_competitive": 0.85625,
      "n_competitive": 160,
      "hr_blowout": 0.844311377245509,
      "n_blowout": 167,
      "gap": 0.01193862275449098
    },
    "best_thresholds": [
      {
        "threshold": 10.5,
        "hr_below": 0.8434163701067615,
        "n_below": 281,
        "hr_above": 0.8913043478260869,
        "n_above": 46,
        "gap": 0.0478879777193254
      },
      {
        "threshold": 11.0,
        "hr_below": 0.8434163701067615,
        "n_below": 281,
        "hr_above": 0.8913043478260869,
        "n_above": 46,
        "gap": 0.0478879777193254
      },
      {
        "threshold": 9.5,
        "hr_below": 0.8560885608856088,
        "n_below": 271,
        "hr_above": 0.8214285714285714,
        "n_above": 56,
        "gap": 0.03465998945703741
      }
    ],
    "all_thresholds": [
      {
        "threshold": 10.5,
        "hr_below": 0.8434163701067615,
        "n_below": 281,
        "hr_above": 0.8913043478260869,
        "n_above": 46,
        "gap": 0.0478879777193254
      },
      {
        "threshold": 11.0,
        "hr_below": 0.8434163701067615,
        "n_below": 281,
        "hr_above": 0.8913043478260869,
        "n_above": 46,
        "gap": 0.0478879777193254
      },
      {
        "threshold": 9.5,
        "hr_below": 0.8560885608856088,
        "n_below": 271,
        "hr_above": 0.8214285714285714,
        "n_above": 56,
        "gap": 0.03465998945703741
      },
      {
        "threshold": 10.0,
        "hr_below": 0.8560885608856088,
        "n_below": 271,
        "hr_above": 0.8214285714285714,
        "n_above": 56,
        "gap": 0.03465998945703741
      },
      {
        "threshold": 6.5,
        "hr_below": 0.8421052631578947,
        "n_below": 228,
        "hr_above": 0.8686868686868687,
        "n_above": 99,
        "gap": 0.02658160552897404
      },
      {
        "threshold": 7.0,
        "hr_below": 0.8421052631578947,
        "n_below": 228,
        "hr_above": 0.8686868686868687,
        "n_above": 99,
        "gap": 0.02658160552897404
      },
      {
        "threshold": 4.5,
        "hr_below": 0.8636363636363636,
        "n_below": 110,
        "hr_above": 0.8433179723502304,
        "n_above": 217,
        "gap": 0.02031839128613322
      },
      {
        "threshold": 5.0,
        "hr_below": 0.8636363636363636,
        "n_below": 110,
        "hr_above": 0.8433179723502304,
        "n_above": 217,
        "gap": 0.02031839128613322
      },
      {
        "threshold": 11.5,
        "hr_below": 0.8482758620689655,
        "n_below": 290,
        "hr_above": 0.8648648648648649,
        "n_above": 37,
        "gap": 0.016589002795899366
      },
      {
        "threshold": 12.0,
        "hr_below": 0.8482758620689655,
        "n_below": 290,
        "hr_above": 0.8648648648648649,
        "n_above": 37,
        "gap": 0.016589002795899366
      },
      {
        "threshold": 8.5,
        "hr_below": 0.8527131782945736,
        "n_below": 258,
        "hr_above": 0.8405797101449275,
        "n_above": 69,
        "gap": 0.01213346814964611
      },
      {
        "threshold": 9.0,
        "hr_below": 0.8527131782945736,
        "n_below": 258,
        "hr_above": 0.8405797101449275,
        "n_above": 69,
        "gap": 0.01213346814964611
      },
      {
        "threshold": 4.0,
        "hr_below": 0.8585858585858586,
        "n_below": 99,
        "hr_above": 0.8464912280701754,
        "n_above": 228,
        "gap": 0.012094630515683158
      },
      {
        "threshold": 5.5,
        "hr_below": 0.85625,
        "n_below": 160,
        "hr_above": 0.844311377245509,
        "n_above": 167,
        "gap": 0.01193862275449098
      },
      {
        "threshold": 6.0,
        "hr_below": 0.85625,
        "n_below": 160,
        "hr_above": 0.844311377245509,
        "n_above": 167,
        "gap": 0.01193862275449098
      },
      {
        "threshold": 7.5,
        "hr_below": 0.8477366255144033,
        "n_below": 243,
        "hr_above": 0.8571428571428571,
        "n_above": 84,
        "gap": 0.009406231628453776
      },
      {
        "threshold": 8.0,
        "hr_below": 0.8477366255144033,
        "n_below": 243,
        "hr_above": 0.8571428571428571,
        "n_above": 84,
        "gap": 0.009406231628453776
      }
    ]
  },
  "gradient": [
    {
      "spread_abs": 0,
      "hit_rate": null,
      "n": 0
    },
    {
      "spread_abs": 1,
      "hit_rate": 0.6666666666666666,
      "n": 6
    },
    {
      "spread_abs": 2,
      "hit_rate": null,
      "n": 0
    },
    {
      "spread_abs": 3,
      "hit_rate": null,
      "n": 0
    },
    {
      "spread_abs": 4,
      "hit_rate": 0.8,
      "n": 5
    },
    {
      "spread_abs": 5,
      "hit_rate": null,
      "n": 0
    },
    {
      "spread_abs": 6,
      "hit_rate": null,
      "n": 0
    },
    {
      "spread_abs": 7,
      "hit_rate": null,
      "n": 0
    },
    {
      "spread_abs": 8,
      "hit_rate": null,
      "n": 0
    },
    {
      "spread_abs": 9,
      "hit_rate": null,
      "n": 0
    },
    {
      "spread_abs": 10,
      "hit_rate": null,
      "n": 0
    },
    {
      "spread_abs": 11,
      "hit_rate": null,
      "n": 0
    },
    {
      "spread_abs": 12,
      "hit_rate": null,
      "n": 0
    },
    {
      "spread_abs": 13,
      "hit_rate": null,
      "n": 2
    },
    {
      "spread_abs": 14,
      "hit_rate": null,
      "n": 0
    },
    {
      "spread_abs": 15,
      "hit_rate": null,
      "n": 0
    },
    {
      "spread_abs": 16,
      "hit_rate": null,