{
  "analysis_date": "2026-03-22",
  "total_picks": 538,
  "n_excluded": 0,
  "baseline_hit_rate": 0.8531598513011153,
  "prop_counts": {
    "PTS": 189,
    "REB": 96,
    "AST": 154,
    "3PM": 99
  },
  "layer1_overall": {
    "0-3": {
      "hit_rate": 0.8518518518518519,
      "n": 108,
      "vs_baseline": -0.0013079994492634084
    },
    "4-6": {
      "hit_rate": 0.8516129032258064,
      "n": 155,
      "vs_baseline": -0.0015469480753088627
    },
    "7-9": {
      "hit_rate": 0.872,
      "n": 125,
      "vs_baseline": 0.01884014869888473
    },
    "10-13": {
      "hit_rate": 0.8243243243243243,
      "n": 74,
      "vs_baseline": -0.028835526976790926
    },
    "14+": {
      "hit_rate": 0.8552631578947368,
      "n": 76,
      "vs_baseline": 0.002103306593621568
    }
  },
  "layer2_by_prop": {
    "PTS": {
      "0-3": {
        "hit_rate": 0.8604651162790697,
        "n": 43
      },
      "4-6": {
        "hit_rate": 0.8363636363636363,
        "n": 55
      },
      "7-9": {
        "hit_rate": 0.8809523809523809,
        "n": 42
      },
      "10-13": {
        "hit_rate": 0.9230769230769231,
        "n": 26
      },
      "14+": {
        "hit_rate": 0.8260869565217391,
        "n": 23
      }
    },
    "REB": {
      "0-3": {
        "hit_rate": 0.8,
        "n": 15
      },
      "4-6": {
        "hit_rate": 0.8461538461538461,
        "n": 26
      },
      "7-9": {
        "hit_rate": 0.8846153846153846,
        "n": 26
      },
      "10-13": {
        "hit_rate": 0.7857142857142857,
        "n": 14
      },
      "14+": {
        "hit_rate": 0.9333333333333333,
        "n": 15
      }
    },
    "AST": {
      "0-3": {
        "hit_rate": 0.8709677419354839,
        "n": 31
      },
      "4-6": {
        "hit_rate": 0.82,
        "n": 50
      },
      "7-9": {
        "hit_rate": 0.8387096774193549,
        "n": 31
      },
      "10-13": {
        "hit_rate": 0.8,
        "n": 20
      },
      "14+": {
        "hit_rate": 0.9545454545454546,
        "n": 22
      }
    },
    "3PM": {
      "0-3": {
        "hit_rate": 0.8421052631578947,
        "n": 19
      },
      "4-6": {
        "hit_rate": 0.9583333333333334,
        "n": 24
      },
      "7-9": {
        "hit_rate": 0.8846153846153846,
        "n": 26
      },
      "10-13": {
        "hit_rate": 0.7142857142857143,
        "n": 14
      },
      "14+": {
        "hit_rate": 0.6875,
        "n": 16
      }
    }
  },
  "layer3_threshold": {
    "current_split": {
      "threshold": 6.0,
      "hr_competitive": 0.8517110266159695,
      "n_competitive": 263,
      "hr_blowout": 0.8545454545454545,
      "n_blowout": 275,
      "gap": -0.0028344279294849617
    },
    "best_thresholds": [
      {
        "threshold": 9.5,
        "hr_below": 0.861244019138756,
        "n_below": 418,
        "hr_above": 0.825,
        "n_above": 120,
        "gap": 0.03624401913875608
      },
      {
        "threshold": 10.0,
        "hr_below": 0.861244019138756,
        "n_below": 418,
        "hr_above": 0.825,
        "n_above": 120,
        "gap": 0.03624401913875608
      },
      {
        "threshold": 8.5,
        "hr_below": 0.8582474226804123,
        "n_below": 388,
        "hr_above": 0.84,
        "n_above": 150,
        "gap": 0.01824742268041235
      }
    ],
    "all_thresholds": [
      {
        "threshold": 9.5,
        "hr_below": 0.861244019138756,
        "n_below": 418,
        "hr_above": 0.825,
        "n_above": 120,
        "gap": 0.03624401913875608
      },
      {
        "threshold": 10.0,
        "hr_below": 0.861244019138756,
        "n_below": 418,
        "hr_above": 0.825,
        "n_above": 120,
        "gap": 0.03624401913875608
      },
      {
        "threshold": 8.5,
        "hr_below": 0.8582474226804123,
        "n_below": 388,
        "hr_above": 0.84,
        "n_above": 150,
        "gap": 0.01824742268041235
      },
      {
        "threshold": 9.0,
        "hr_below": 0.8582474226804123,
        "n_below": 388,
        "hr_above": 0.84,
        "n_above": 150,
        "gap": 0.01824742268041235
      },
      {
        "threshold": 6.5,
        "hr_below": 0.8466076696165191,
        "n_below": 339,
        "hr_above": 0.864321608040201,
        "n_above": 199,
        "gap": 0.017713938423681852
      },
      {
        "threshold": 7.0,
        "hr_below": 0.8466076696165191,
        "n_below": 339,
        "hr_above": 0.864321608040201,
        "n_above": 199,
        "gap": 0.017713938423681852
      },
      {
        "threshold": 10.5,
        "hr_below": 0.8509174311926605,
        "n_below": 436,
        "hr_above": 0.8627450980392157,
        "n_above": 102,
        "gap": 0.01182766684655523
      },
      {
        "threshold": 11.0,
        "hr_below": 0.8509174311926605,
        "n_below": 436,
        "hr_above": 0.8627450980392157,
        "n_above": 102,
        "gap": 0.01182766684655523
      },
      {
        "threshold": 4.0,
        "hr_below": 0.848314606741573,
        "n_below": 178,
        "hr_above": 0.8555555555555555,
        "n_above": 360,
        "gap": 0.007240948813982517
      },
      {
        "threshold": 7.5,
        "hr_below": 0.850828729281768,
        "n_below": 362,
        "hr_above": 0.8579545454545454,
        "n_above": 176,
        "gap": 0.0071258161727774105
      },
      {
        "threshold": 8.0,
        "hr_below": 0.850828729281768,
        "n_below": 362,
        "hr_above": 0.8579545454545454,
        "n_above": 176,
        "gap": 0.0071258161727774105
      },
      {
        "threshold": 4.5,
        "hr_below": 0.8564102564102564,
        "n_below": 195,
        "hr_above": 0.8513119533527697,
        "n_above": 343,
        "gap": 0.005098303057486708
      },
      {
        "threshold": 5.0,
        "hr_below": 0.8564102564102564,
        "n_below": 195,
        "hr_above": 0.8513119533527697,
        "n_above": 343,
        "gap": 0.005098303057486708
      },
      {
        "threshold": 5.5,
        "hr_below": 0.8517110266159695,
        "n_below": 263,
        "hr_above": 0.8545454545454545,
        "n_above": 275,
        "gap": 0.0028344279294849617
      },
      {
        "threshold": 6.0,
        "hr_below": 0.8517110266159695,
        "n_below": 263,
        "hr_above": 0.8545454545454545,
        "n_above": 275,
        "gap": 0.0028344279294849617
      },
      {
        "threshold": 11.5,
        "hr_below": 0.8530066815144766,
        "n_below": 449,
        "hr_above": 0.8539325842696629,
        "n_above": 89,
        "gap": 0.0009259027551863364
      },
      {
        "threshold": 12.0,
        "hr_below": 0.8530066815144766,
        "n_below": 449,
        "hr_above": 0.8539325842696629,
        "n_above": 89,
        "gap": 0.0009259027551863364
      }
    ]
  },
  "gradient": [
    {
      "spread_abs": 0,
      "hit_rate": null,
      "n": 0
    },
    {
      "spread_abs": 1,
      "hit_rate": 0.6666666666666666,
      "n": 6
    },
    {
      "spread_abs": 2,
      "hit_rate": null,
      "n": 0
    },
    {
      "spread_abs": 3,
      "hit_rate": null,
      "n": 0
    },
    {
      "spread_abs": 4,
      "hit_rate": 0.8,
      "n": 5
    },
    {
      "spread_abs": 5,
      "hit_rate": null,
      "n": 0
    },
    {
      "spread_abs": 6,
      "hit_rate": null,
      "n": 0
    },
    {
      "spread_abs": 7,
      "hit_rate": null,
      "n": 0
    },
    {
      "spread_abs": 8,
      "hit_rate": null,
      "n": 0
    },
    {
      "spread_abs": 9,
      "hit_rate": null,
      "n": 0
    },
    {
      "spread_abs": 10,
      "hit_rate": null,
      "n": 0
    },
    {
      "spread_abs": 11,
      "hit_rate": null,
      "n": 0
    },
    {
      "spread_abs": 12,
      "hit_rate": null,
      "n": 0
    },
    {
      "spread_abs": 13,
      "hit_rate": null,
      "n": 2
    },
    {
      "spread_abs": 14,
      "hit_rate": null,
      "n": 0
    },
    {
      "spread_abs": 15,
      "hit_rate": null,